Index,Username,Index of Photos of Username,Sent Photo Path,Generated Photo Path,Time, Chat ID
1,peterpaleev,1,/Users/peterpaleev/code/ps2/analytics/original_photos/peterpaleev-1.jpg,/Users/peterpaleev/code/ps2/analytics/generated_photos/peterpaleev-1.jpg,2024-03-28T01:10:58.577Z
2,peterpaleev,2,/Users/peterpaleev/code/ps2/analytics/original_photos/peterpaleev-2.jpg,/Users/peterpaleev/code/ps2/analytics/generated_photos/peterpaleev-2.jpg,2024-03-28T01:11:49.060Z
3,Kotansky,1,/Users/peterpaleev/code/ps2/analytics/original_photos/Kotansky-1.jpg,/Users/peterpaleev/code/ps2/analytics/generated_photos/Kotansky-1.jpg,2024-03-28T07:07:56.983Z
4,karis1qaa,1,/Users/peterpaleev/code/ps2/analytics/original_photos/karis1qaa-1.jpg,/Users/peterpaleev/code/ps2/analytics/generated_photos/karis1qaa-1.jpg,2024-03-28T08:30:32.414Z
5,wyyrrrtnw,1,/Users/peterpaleev/code/ps2/analytics/original_photos/wyyrrrtnw-1.jpg,/Users/peterpaleev/code/ps2/analytics/generated_photos/wyyrrrtnw-1.jpg,2024-03-28T08:32:33.725Z
6,wyyrrrtnw,2,/Users/peterpaleev/code/ps2/analytics/original_photos/wyyrrrtnw-2.jpg,/Users/peterpaleev/code/ps2/analytics/generated_photos/wyyrrrtnw-2.jpg,2024-03-28T08:33:43.960Z
7,wyyrrrtnw,3,/Users/peterpaleev/code/ps2/analytics/original_photos/wyyrrrtnw-3.jpg,/Users/peterpaleev/code/ps2/analytics/generated_photos/wyyrrrtnw-3.jpg,2024-03-28T08:35:13.396Z
8,wyyrrrtnw,4,/Users/peterpaleev/code/ps2/analytics/original_photos/wyyrrrtnw-4.jpg,/Users/peterpaleev/code/ps2/analytics/generated_photos/wyyrrrtnw-4.jpg,2024-03-28T08:38:26.492Z
9,creamyspinach,1,/Users/peterpaleev/code/ps2/analytics/original_photos/creamyspinach-1.jpg,/Users/peterpaleev/code/ps2/analytics/generated_photos/creamyspinach-1.jpg,2024-03-28T09:06:45.889Z
10,teodorpal,1,/Users/peterpaleev/code/ps2/analytics/original_photos/teodorpal-1.jpg,/Users/peterpaleev/code/ps2/analytics/generated_photos/teodorpal-1.jpg,2024-03-28T09:56:33.590Z
11,peterpaleev,3,/Users/peterpaleev/code/ps2/analytics/original_photos/peterpaleev-3.jpg,/Users/peterpaleev/code/ps2/analytics/generated_photos/peterpaleev-3.jpg,2024-03-28T11:44:05.830Z
1,peterpaleev,1,/Users/peterpaleev/code/ps2/analytics/original_photos/peterpaleev-1.jpg,/Users/peterpaleev/code/ps2/analytics/generated_photos/peterpaleev-1.jpg,2024-03-28T11:56:50.054Z
1,peterpaleev,1,/Users/peterpaleev/code/ps2/analytics/original_photos/peterpaleev-1.jpg,/Users/peterpaleev/code/ps2/analytics/generated_photos/peterpaleev-1.jpg,2024-03-28T11:58:28.880Z
1,mohwama,1,/Users/peterpaleev/code/ps2/analytics/original_photos/mohwama-1.jpg,/Users/peterpaleev/code/ps2/analytics/generated_photos/mohwama-1.jpg,2024-03-28T13:03:07.074Z
2,mohwama,2,/Users/peterpaleev/code/ps2/analytics/original_photos/mohwama-2.jpg,/Users/peterpaleev/code/ps2/analytics/generated_photos/mohwama-2.jpg,2024-03-28T13:03:48.546Z
3,mohwama,3,/Users/peterpaleev/code/ps2/analytics/original_photos/mohwama-3.jpg,/Users/peterpaleev/code/ps2/analytics/generated_photos/mohwama-3.jpg,2024-03-28T13:04:11.112Z
4,mohwama,4,/Users/peterpaleev/code/ps2/analytics/original_photos/mohwama-4.jpg,/Users/peterpaleev/code/ps2/analytics/generated_photos/mohwama-4.jpg,2024-03-28T13:04:59.239Z
5,vaskshr,1,/Users/peterpaleev/code/ps2/analytics/original_photos/vaskshr-1.jpg,/Users/peterpaleev/code/ps2/analytics/generated_photos/vaskshr-1.jpg,2024-03-28T13:07:15.067Z
6,vaskshr,2,/Users/peterpaleev/code/ps2/analytics/original_photos/vaskshr-2.jpg,/Users/peterpaleev/code/ps2/analytics/generated_photos/vaskshr-2.jpg,2024-03-28T13:07:54.608Z
7,matveyfedunov,1,/Users/peterpaleev/code/ps2/analytics/original_photos/matveyfedunov-1.jpg,/Users/peterpaleev/code/ps2/analytics/generated_photos/matveyfedunov-1.jpg,2024-03-28T13:22:14.052Z
8,matveyfedunov,2,/Users/peterpaleev/code/ps2/analytics/original_photos/matveyfedunov-2.jpg,/Users/peterpaleev/code/ps2/analytics/generated_photos/matveyfedunov-2.jpg,2024-03-28T13:37:57.872Z
1,matveyfedunov,1,/Users/peterpaleev/code/ps2/analytics/original_photos/matveyfedunov-1.jpg,/Users/peterpaleev/code/ps2/analytics/generated_photos/matveyfedunov-1.jpg,2024-03-28T13:57:46.437Z
2,matveyfedunov,2,/Users/peterpaleev/code/ps2/analytics/original_photos/matveyfedunov-2.jpg,/Users/peterpaleev/code/ps2/analytics/generated_photos/matveyfedunov-2.jpg,2024-03-28T13:57:49.360Z
3,matveyfedunov,3,/Users/peterpaleev/code/ps2/analytics/original_photos/matveyfedunov-3.jpg,/Users/peterpaleev/code/ps2/analytics/generated_photos/matveyfedunov-3.jpg,2024-03-28T13:58:24.338Z
4,matveyfedunov,4,/Users/peterpaleev/code/ps2/analytics/original_photos/matveyfedunov-4.jpg,/Users/peterpaleev/code/ps2/analytics/generated_photos/matveyfedunov-4.jpg,2024-03-28T14:27:49.252Z
1,peterpaleev,1,/Users/peterpaleev/code/ps2/analytics/original_photos/peterpaleev-1.jpg,/Users/peterpaleev/code/ps2/analytics/generated_photos/peterpaleev-1.jpg,2024-03-28T16:13:23.409Z
1,liponahuamin,1,/Users/peterpaleev/code/ps2/analytics/original_photos/liponahuamin-1.jpg,/Users/peterpaleev/code/ps2/analytics/generated_photos/liponahuamin-1.jpg,2024-03-28T17:15:52.068Z
2,liponahuamin,2,/Users/peterpaleev/code/ps2/analytics/original_photos/liponahuamin-2.jpg,/Users/peterpaleev/code/ps2/analytics/generated_photos/liponahuamin-2.jpg,2024-03-28T17:19:46.553Z
3,lubaheh,1,/Users/peterpaleev/code/ps2/analytics/original_photos/lubaheh-1.jpg,/Users/peterpaleev/code/ps2/analytics/generated_photos/lubaheh-1.jpg,2024-03-28T17:20:14.069Z
4,liponahuamin,3,/Users/peterpaleev/code/ps2/analytics/original_photos/liponahuamin-3.jpg,/Users/peterpaleev/code/ps2/analytics/generated_photos/liponahuamin-3.jpg,2024-03-28T17:21:32.524Z
5,liponahuamin,4,/Users/peterpaleev/code/ps2/analytics/original_photos/liponahuamin-4.jpg,/Users/peterpaleev/code/ps2/analytics/generated_photos/liponahuamin-4.jpg,2024-03-28T17:22:22.984Z
6,lubaheh,2,/Users/peterpaleev/code/ps2/analytics/original_photos/lubaheh-2.jpg,/Users/peterpaleev/code/ps2/analytics/generated_photos/lubaheh-2.jpg,2024-03-28T17:22:52.604Z
7,lubaheh,3,/Users/peterpaleev/code/ps2/analytics/original_photos/lubaheh-3.jpg,/Users/peterpaleev/code/ps2/analytics/generated_photos/lubaheh-3.jpg,2024-03-28T17:23:38.470Z
8,lubaheh,4,/Users/peterpaleev/code/ps2/analytics/original_photos/lubaheh-4.jpg,/Users/peterpaleev/code/ps2/analytics/generated_photos/lubaheh-4.jpg,2024-03-28T17:24:29.434Z
9,liponahuamin,5,/Users/peterpaleev/code/ps2/analytics/original_photos/liponahuamin-5.jpg,/Users/peterpaleev/code/ps2/analytics/generated_photos/liponahuamin-5.jpg,2024-03-28T17:24:46.576Z
10,peterpaleev,1,/Users/peterpaleev/code/ps2/analytics/original_photos/peterpaleev-1.jpg,/Users/peterpaleev/code/ps2/analytics/generated_photos/peterpaleev-1.jpg,2024-03-28T17:25:24.033Z
11,lubaheh,5,/Users/peterpaleev/code/ps2/analytics/original_photos/lubaheh-5.jpg,/Users/peterpaleev/code/ps2/analytics/generated_photos/lubaheh-5.jpg,2024-03-28T17:26:13.094Z
12,liponahuamin,6,/Users/peterpaleev/code/ps2/analytics/original_photos/liponahuamin-6.jpg,/Users/peterpaleev/code/ps2/analytics/generated_photos/liponahuamin-6.jpg,2024-03-28T17:27:05.916Z
1,kuturga,1,/Users/peterpaleev/code/ps2/analytics/original_photos/kuturga-1.jpg,/Users/peterpaleev/code/ps2/analytics/generated_photos/kuturga-1.jpg,2024-03-28T17:31:46.425Z
2,liponahuamin,1,/Users/peterpaleev/code/ps2/analytics/original_photos/liponahuamin-1.jpg,/Users/peterpaleev/code/ps2/analytics/generated_photos/liponahuamin-1.jpg,2024-03-28T17:32:29.059Z
3,kuturga,2,/Users/peterpaleev/code/ps2/analytics/original_photos/kuturga-2.jpg,/Users/peterpaleev/code/ps2/analytics/generated_photos/kuturga-2.jpg,2024-03-28T17:32:49.214Z
4,kuturga,3,/Users/peterpaleev/code/ps2/analytics/original_photos/kuturga-3.jpg,/Users/peterpaleev/code/ps2/analytics/generated_photos/kuturga-3.jpg,2024-03-28T17:33:30.745Z
5,kuturga,4,/Users/peterpaleev/code/ps2/analytics/original_photos/kuturga-4.jpg,/Users/peterpaleev/code/ps2/analytics/generated_photos/kuturga-4.jpg,2024-03-28T17:34:13.533Z
1,peterpaleev,1,/Users/peterpaleev/code/ps2/analytics/original_photos/peterpaleev-1.jpg,/Users/peterpaleev/code/ps2/analytics/generated_photos/peterpaleev-1.jpg,2024-03-28T17:50:20.713Z
2,peterpaleev,2,/Users/peterpaleev/code/ps2/analytics/original_photos/peterpaleev-2.jpg,/Users/peterpaleev/code/ps2/analytics/generated_photos/peterpaleev-2.jpg,2024-03-28T17:50:41.413Z
3,xxxyyilll,1,/Users/peterpaleev/code/ps2/analytics/original_photos/xxxyyilll-1.jpg,/Users/peterpaleev/code/ps2/analytics/generated_photos/xxxyyilll-1.jpg,2024-03-28T17:51:59.819Z
4,xxxyyilll,2,/Users/peterpaleev/code/ps2/analytics/original_photos/xxxyyilll-2.jpg,/Users/peterpaleev/code/ps2/analytics/generated_photos/xxxyyilll-2.jpg,2024-03-28T17:53:10.374Z
5,peterpaleev,3,/Users/peterpaleev/code/ps2/analytics/original_photos/peterpaleev-3.jpg,/Users/peterpaleev/code/ps2/analytics/generated_photos/peterpaleev-3.jpg,2024-03-28T17:53:44.427Z
6,xxxyyilll,3,/Users/peterpaleev/code/ps2/analytics/original_photos/xxxyyilll-3.jpg,/Users/peterpaleev/code/ps2/analytics/generated_photos/xxxyyilll-3.jpg,2024-03-28T17:54:21.405Z
1,peterpaleev,1,/Users/peterpaleev/code/ps2/analytics/original_photos/peterpaleev-1.jpg,/Users/peterpaleev/code/ps2/analytics/generated_photos/peterpaleev-1.jpg,2024-03-28T17:57:14.145Z
1,peterpaleev,1,/Users/peterpaleev/code/ps2/analytics/original_photos/peterpaleev-1.jpg,/Users/peterpaleev/code/ps2/analytics/generated_photos/peterpaleev-1.jpg,2024-03-28T17:59:15.091Z
1,peterpaleev,1,/Users/peterpaleev/code/ps2/analytics/original_photos/peterpaleev-1.jpg,/Users/peterpaleev/code/ps2/analytics/generated_photos/peterpaleev-1.jpg,2024-03-28T19:04:58.354Z
2,peterpaleev,2,/Users/peterpaleev/code/ps2/analytics/original_photos/peterpaleev-2.jpg,/Users/peterpaleev/code/ps2/analytics/generated_photos/peterpaleev-2.jpg,2024-03-28T19:05:29.659Z
1,VPstu,1,/Users/peterpaleev/code/ps2/analytics/original_photos/VPstu-1.jpg,/Users/peterpaleev/code/ps2/analytics/generated_photos/VPstu-1.jpg,2024-03-28T20:27:55.929Z
2,grottyana,1,/Users/peterpaleev/code/ps2/analytics/original_photos/grottyana-1.jpg,/Users/peterpaleev/code/ps2/analytics/generated_photos/grottyana-1.jpg,2024-03-28T20:29:29.906Z
3,VPstu,2,/Users/peterpaleev/code/ps2/analytics/original_photos/VPstu-2.jpg,/Users/peterpaleev/code/ps2/analytics/generated_photos/VPstu-2.jpg,2024-03-28T20:30:48.618Z
4,VPstu,3,/Users/peterpaleev/code/ps2/analytics/original_photos/VPstu-3.jpg,/Users/peterpaleev/code/ps2/analytics/generated_photos/VPstu-3.jpg,2024-03-28T20:31:42.226Z
5,grottyana,2,/Users/peterpaleev/code/ps2/analytics/original_photos/grottyana-2.jpg,/Users/peterpaleev/code/ps2/analytics/generated_photos/grottyana-2.jpg,2024-03-28T20:32:01.907Z
6,VPstu,4,/Users/peterpaleev/code/ps2/analytics/original_photos/VPstu-4.jpg,/Users/peterpaleev/code/ps2/analytics/generated_photos/VPstu-4.jpg,2024-03-28T20:32:47.504Z
7,VPstu,5,/Users/peterpaleev/code/ps2/analytics/original_photos/VPstu-5.jpg,/Users/peterpaleev/code/ps2/analytics/generated_photos/VPstu-5.jpg,2024-03-28T20:33:45.587Z
8,VPstu,6,/Users/peterpaleev/code/ps2/analytics/original_photos/VPstu-6.jpg,/Users/peterpaleev/code/ps2/analytics/generated_photos/VPstu-6.jpg,2024-03-28T20:34:50.084Z
9,grottyana,3,/Users/peterpaleev/code/ps2/analytics/original_photos/grottyana-3.jpg,/Users/peterpaleev/code/ps2/analytics/generated_photos/grottyana-3.jpg,2024-03-28T20:36:03.327Z
10,VPstu,7,/Users/peterpaleev/code/ps2/analytics/original_photos/VPstu-7.jpg,/Users/peterpaleev/code/ps2/analytics/generated_photos/VPstu-7.jpg,2024-03-28T20:36:45.139Z
11,VPstu,8,/Users/peterpaleev/code/ps2/analytics/original_photos/VPstu-8.jpg,/Users/peterpaleev/code/ps2/analytics/generated_photos/VPstu-8.jpg,2024-03-28T20:37:47.157Z
12,grottyana,4,/Users/peterpaleev/code/ps2/analytics/original_photos/grottyana-4.jpg,/Users/peterpaleev/code/ps2/analytics/generated_photos/grottyana-4.jpg,2024-03-28T20:38:24.351Z
13,VPstu,9,/Users/peterpaleev/code/ps2/analytics/original_photos/VPstu-9.jpg,/Users/peterpaleev/code/ps2/analytics/generated_photos/VPstu-9.jpg,2024-03-28T20:38:42.625Z
14,VPstu,10,/Users/peterpaleev/code/ps2/analytics/original_photos/VPstu-10.jpg,/Users/peterpaleev/code/ps2/analytics/generated_photos/VPstu-10.jpg,2024-03-28T20:39:19.304Z
15,grottyana,5,/Users/peterpaleev/code/ps2/analytics/original_photos/grottyana-5.jpg,/Users/peterpaleev/code/ps2/analytics/generated_photos/grottyana-5.jpg,2024-03-28T20:40:31.941Z
16,grottyana,6,/Users/peterpaleev/code/ps2/analytics/original_photos/grottyana-6.jpg,/Users/peterpaleev/code/ps2/analytics/generated_photos/grottyana-6.jpg,2024-03-28T20:42:45.134Z
17,grottyana,7,/Users/peterpaleev/code/ps2/analytics/original_photos/grottyana-7.jpg,/Users/peterpaleev/code/ps2/analytics/generated_photos/grottyana-7.jpg,2024-03-28T20:43:59.860Z
18,peterpaleev,1,/Users/peterpaleev/code/ps2/analytics/original_photos/peterpaleev-1.jpg,/Users/peterpaleev/code/ps2/analytics/generated_photos/peterpaleev-1.jpg,2024-03-28T20:44:32.576Z
19,grottyana,8,/Users/peterpaleev/code/ps2/analytics/original_photos/grottyana-8.jpg,/Users/peterpaleev/code/ps2/analytics/generated_photos/grottyana-8.jpg,2024-03-28T20:45:29.056Z
20,grottyana,9,/Users/peterpaleev/code/ps2/analytics/original_photos/grottyana-9.jpg,/Users/peterpaleev/code/ps2/analytics/generated_photos/grottyana-9.jpg,2024-03-28T20:47:14.709Z
21,grottyana,10,/Users/peterpaleev/code/ps2/analytics/original_photos/grottyana-10.jpg,/Users/peterpaleev/code/ps2/analytics/generated_photos/grottyana-10.jpg,2024-03-28T20:48:34.716Z
22,grottyana,11,/Users/peterpaleev/code/ps2/analytics/original_photos/grottyana-11.jpg,/Users/peterpaleev/code/ps2/analytics/generated_photos/grottyana-11.jpg,2024-03-28T20:50:51.736Z
23,grottyana,12,/Users/peterpaleev/code/ps2/analytics/original_photos/grottyana-12.jpg,/Users/peterpaleev/code/ps2/analytics/generated_photos/grottyana-12.jpg,2024-03-28T20:52:22.617Z
24,grottyana,13,/Users/peterpaleev/code/ps2/analytics/original_photos/grottyana-13.jpg,/Users/peterpaleev/code/ps2/analytics/generated_photos/grottyana-13.jpg,2024-03-28T20:55:41.666Z
1,mscpdhv,1,/Users/peterpaleev/code/ps2/analytics/original_photos/mscpdhv-1.jpg,/Users/peterpaleev/code/ps2/analytics/generated_photos/mscpdhv-1.jpg,2024-03-28T21:08:19.699Z,862923451
2,b5198379258,1,/Users/peterpaleev/code/ps2/analytics/original_photos/b5198379258-1.jpg,/Users/peterpaleev/code/ps2/analytics/generated_photos/b5198379258-1.jpg,2024-03-28T21:08:54.456Z,1283643788
3,b5198379258,2,/Users/peterpaleev/code/ps2/analytics/original_photos/b5198379258-2.jpg,/Users/peterpaleev/code/ps2/analytics/generated_photos/b5198379258-2.jpg,2024-03-28T21:09:20.036Z,1283643788
4,b5198379258,3,/Users/peterpaleev/code/ps2/analytics/original_photos/b5198379258-3.jpg,/Users/peterpaleev/code/ps2/analytics/generated_photos/b5198379258-3.jpg,2024-03-28T21:09:58.424Z,1283643788
5,b5198379258,4,/Users/peterpaleev/code/ps2/analytics/original_photos/b5198379258-4.jpg,/Users/peterpaleev/code/ps2/analytics/generated_photos/b5198379258-4.jpg,2024-03-28T21:14:06.194Z,1283643788
6,b5198379258,5,/Users/peterpaleev/code/ps2/analytics/original_photos/b5198379258-5.jpg,/Users/peterpaleev/code/ps2/analytics/generated_photos/b5198379258-5.jpg,2024-03-28T21:18:01.870Z,1283643788
7,peterpaleev,1,/Users/peterpaleev/code/ps2/analytics/original_photos/peterpaleev-1.jpg,/Users/peterpaleev/code/ps2/analytics/generated_photos/peterpaleev-1.jpg,2024-03-28T21:18:57.227Z,125152357
8,b5198379258,6,/Users/peterpaleev/code/ps2/analytics/original_photos/b5198379258-6.jpg,/Users/peterpaleev/code/ps2/analytics/generated_photos/b5198379258-6.jpg,2024-03-28T21:19:18.947Z,1283643788
9,b5198379258,7,/Users/peterpaleev/code/ps2/analytics/original_photos/b5198379258-7.jpg,/Users/peterpaleev/code/ps2/analytics/generated_photos/b5198379258-7.jpg,2024-03-28T21:20:02.223Z,1283643788
10,b5198379258,8,/Users/peterpaleev/code/ps2/analytics/original_photos/b5198379258-8.jpg,/Users/peterpaleev/code/ps2/analytics/generated_photos/b5198379258-8.jpg,2024-03-28T21:20:45.845Z,1283643788
11,b5198379258,9,/Users/peterpaleev/code/ps2/analytics/original_photos/b5198379258-9.jpg,/Users/peterpaleev/code/ps2/analytics/generated_photos/b5198379258-9.jpg,2024-03-28T21:21:23.670Z,1283643788
12,b5198379258,10,/Users/peterpaleev/code/ps2/analytics/original_photos/b5198379258-10.jpg,/Users/peterpaleev/code/ps2/analytics/generated_photos/b5198379258-10.jpg,2024-03-28T21:24:33.714Z,1283643788
13,b5198379258,11,/Users/peterpaleev/code/ps2/analytics/original_photos/b5198379258-11.jpg,/Users/peterpaleev/code/ps2/analytics/generated_photos/b5198379258-11.jpg,2024-03-28T21:25:11.473Z,1283643788
14,b5198379258,12,/Users/peterpaleev/code/ps2/analytics/original_photos/b5198379258-12.jpg,/Users/peterpaleev/code/ps2/analytics/generated_photos/b5198379258-12.jpg,2024-03-28T21:25:52.225Z,1283643788
15,b5198379258,13,/Users/peterpaleev/code/ps2/analytics/original_photos/b5198379258-13.jpg,/Users/peterpaleev/code/ps2/analytics/generated_photos/b5198379258-13.jpg,2024-03-28T21:26:23.067Z,1283643788
16,b5198379258,14,/Users/peterpaleev/code/ps2/analytics/original_photos/b5198379258-14.jpg,/Users/peterpaleev/code/ps2/analytics/generated_photos/b5198379258-14.jpg,2024-03-28T21:27:11.097Z,1283643788
1,peterpaleev,1,/Users/peterpaleev/code/ps2/analytics/original_photos/peterpaleev-1.jpg,/Users/peterpaleev/code/ps2/analytics/generated_photos/peterpaleev-1.jpg,2024-03-28T21:30:25.783Z,125152357
1,liponahuamin,1,/Users/peterpaleev/code/ps2/analytics/original_photos/liponahuamin-1.jpg,/Users/peterpaleev/code/ps2/analytics/generated_photos/liponahuamin-1.jpg,2024-03-28T22:03:58.651Z,440273205
2,peterpaleev,1,/Users/peterpaleev/code/ps2/analytics/original_photos/peterpaleev-1.jpg,/Users/peterpaleev/code/ps2/analytics/generated_photos/peterpaleev-1.jpg,2024-03-28T22:04:47.378Z,125152357
1,peterpaleev,1,/Users/peterpaleev/code/ps2/analytics/original_photos/peterpaleev-1.jpg,/Users/peterpaleev/code/ps2/analytics/generated_photos/peterpaleev-1.jpg,2024-03-28T22:27:31.665Z,125152357
1,peterpaleev,1,/Users/peterpaleev/code/ps2/analytics/original_photos/peterpaleev-1.jpg,/Users/peterpaleev/code/ps2/analytics/generated_photos/peterpaleev-1.jpg,2024-03-29T00:05:19.240Z,125152357
1,peterpaleev,1,/Users/peterpaleev/code/ps2/analytics/original_photos/peterpaleev-1.jpg,/Users/peterpaleev/code/ps2/analytics/generated_photos/peterpaleev-1.jpg,2024-03-29T01:39:19.306Z,125152357
1,peterpaleev,1,/Users/peterpaleev/code/ps2/analytics/original_photos/peterpaleev-1.jpg,/Users/peterpaleev/code/ps2/analytics/generated_photos/peterpaleev-1.jpg,2024-03-29T01:57:46.802Z,125152357
1,peterpaleev,1,/Users/peterpaleev/code/ps2/analytics/original_photos/peterpaleev-1.jpg,/Users/peterpaleev/code/ps2/analytics/generated_photos/peterpaleev-1.jpg,2024-03-29T14:52:23.200Z,undefined
2,peterpaleev,2,/Users/peterpaleev/code/ps2/analytics/original_photos/peterpaleev-2.jpg,/Users/peterpaleev/code/ps2/analytics/generated_photos/peterpaleev-2.jpg,2024-03-29T14:58:09.135Z,undefined
3,teodorpal,1,/Users/peterpaleev/code/ps2/analytics/original_photos/teodorpal-1.jpg,/Users/peterpaleev/code/ps2/analytics/generated_photos/teodorpal-1.jpg,2024-03-29T15:18:31.199Z,undefined
4,gantre,1,/Users/peterpaleev/code/ps2/analytics/original_photos/gantre-1.jpg,/Users/peterpaleev/code/ps2/analytics/generated_photos/gantre-1.jpg,2024-03-29T15:29:14.088Z,undefined
1,teodorpal,1,/Users/peterpaleev/code/ps2/analytics/original_photos/teodorpal-1.jpg,/Users/peterpaleev/code/ps2/analytics/generated_photos/teodorpal-1.jpg,2024-03-29T16:29:14.982Z,undefined
1,peterpaleev,1,/Users/peterpaleev/code/ps2/analytics/original_photos/peterpaleev-1.jpg,/Users/peterpaleev/code/ps2/analytics/generated_photos/peterpaleev-1.jpg,2024-03-29T17:14:15.884Z,undefined
1,peterpaleev,1,/Users/peterpaleev/code/ps2/analytics/original_photos/peterpaleev-1.jpg,/Users/peterpaleev/code/ps2/analytics/generated_photos/peterpaleev-1.jpg,2024-03-29T18:39:37.656Z,undefined
1,peterpaleev,1,/Users/peterpaleev/code/ps2/analytics/original_photos/peterpaleev-1.jpg,/Users/peterpaleev/code/ps2/analytics/generated_photos/peterpaleev-1.jpg,2024-03-29T18:45:43.059Z,undefined
1,peterpaleev,1,/Users/peterpaleev/code/ps2/analytics/original_photos/peterpaleev-1.jpg,/Users/peterpaleev/code/ps2/analytics/generated_photos/peterpaleev-1.jpg,2024-03-29T18:46:53.756Z,undefined
1,peterpaleev,1,/Users/peterpaleev/code/ps2/analytics/original_photos/peterpaleev-1.jpg,/Users/peterpaleev/code/ps2/analytics/generated_photos/peterpaleev-1.jpg,2024-03-29T20:21:36.871Z,undefined
1,peterpaleev,1,/Users/peterpaleev/code/ps2/analytics/original_photos/peterpaleev-1.jpg,/Users/peterpaleev/code/ps2/analytics/generated_photos/peterpaleev-1.jpg,2024-03-29T20:48:29.434Z,undefined
1,okosaturna,1,/Users/peterpaleev/code/ps2/analytics/original_photos/okosaturna-1.jpg,/Users/peterpaleev/code/ps2/analytics/generated_photos/okosaturna-1.jpg,2024-03-30T00:32:21.562Z,undefined
2,peterpaleev,1,/Users/peterpaleev/code/ps2/analytics/original_photos/peterpaleev-1.jpg,/Users/peterpaleev/code/ps2/analytics/generated_photos/peterpaleev-1.jpg,2024-03-30T00:49:20.293Z,undefined
1,peterpaleev,1,/Users/peterpaleev/code/ps2/analytics/original_photos/peterpaleev-1.jpg,/Users/peterpaleev/code/ps2/analytics/generated_photos/peterpaleev-1.jpg,2024-03-30T02:06:05.779Z,undefined
1,peterpaleev,1,/Users/peterpaleev/code/ps2/analytics/original_photos/peterpaleev-1.jpg,/Users/peterpaleev/code/ps2/analytics/generated_photos/peterpaleev-1.jpg,2024-03-30T02:07:26.049Z,undefined
2,peterpaleev,2,/Users/peterpaleev/code/ps2/analytics/original_photos/peterpaleev-2.jpg,/Users/peterpaleev/code/ps2/analytics/generated_photos/peterpaleev-2.jpg,2024-03-30T02:50:05.387Z,undefined
1,peterpaleev,1,/Users/peterpaleev/code/ps2/analytics/original_photos/peterpaleev-1.jpg,/Users/peterpaleev/code/ps2/analytics/generated_photos/peterpaleev-1.jpg,2024-03-30T03:53:07.433Z,undefined
1,lubaheh,1,/Users/peterpaleev/code/ps2/analytics/original_photos/lubaheh-1.jpg,/Users/peterpaleev/code/ps2/analytics/generated_photos/lubaheh-1.jpg,2024-03-30T13:43:55.716Z,undefined
